Nom Fichier; Chemin
Dossier candidature Alternance  Lille - Dalibard.pdf; C:\Users\acer\Desktop\2iTech\Dossier candidature Alternance  Lille - Dalibard.pdf
Dossier candidature Alternance  Lille.pdf; C:\Users\acer\Desktop\2iTech\Dossier candidature Alternance  Lille.pdf
Guide pour un bon CV by 2i  Tech Academy - Lille.pdf; C:\Users\acer\Desktop\2iTech\Guide pour un bon CV by 2i  Tech Academy - Lille.pdf
Léna.pdf; C:\Users\acer\Desktop\2iTech\Léna.pdf
AttestationDroits CPAM Dalibard.pdf; C:\Users\acer\Desktop\2iTech\Nouveau dossier\AttestationDroits CPAM Dalibard.pdf
CV-Dalibard Alternance.pdf; C:\Users\acer\Desktop\2iTech\Nouveau dossier\CV-Dalibard Alternance.pdf
Diplome attestation_AC_555691 Doctorat Dalibard.pdf; C:\Users\acer\Desktop\2iTech\Nouveau dossier\Diplome attestation_AC_555691 Doctorat Dalibard.pdf
Diplome Doctorat copy+traduction Dalibard.pdf; C:\Users\acer\Desktop\2iTech\Nouveau dossier\Diplome Doctorat copy+traduction Dalibard.pdf
Dossier candidature Alternance  Lille - Dalibard.pdf; C:\Users\acer\Desktop\2iTech\Nouveau dossier\Dossier candidature Alternance  Lille - Dalibard.pdf
Pole Emploi attestation_des_periodes_inscription Dalibard.pdf; C:\Users\acer\Desktop\2iTech\Nouveau dossier\Pole Emploi attestation_des_periodes_inscription Dalibard.pdf
Pole Epmloi avis_de_situation Dalibard.pdf; C:\Users\acer\Desktop\2iTech\Nouveau dossier\Pole Epmloi avis_de_situation Dalibard.pdf
TItreDeSejour Dalibard.pdf; C:\Users\acer\Desktop\2iTech\Nouveau dossier\TItreDeSejour Dalibard.pdf
